,0
0,100000.0
1,100000.0
2,100000.0
3,100000.0
4,100000.0
5,100000.0
6,100000.0
7,100000.0
8,100000.0
9,100000.0
10,100000.0
11,100000.0
12,100000.0
13,100000.0
14,100000.0
15,100000.0
16,100000.0
17,100000.0
18,100000.0
19,100000.0
20,100000.0
21,100000.0
22,100000.0
23,100000.0
24,100000.0
25,100000.0
26,100000.0
27,100000.0
28,100000.0
29,100000.0
30,100000.0
31,100000.0
32,100000.0
33,100000.0
34,100000.0
35,100000.0
36,100000.0
37,100000.0
38,100000.0
39,100000.0
40,100000.0
41,100000.0
42,100000.0
43,100000.0
44,100000.0
45,100000.0
46,100000.0
47,100000.0
48,100000.0
49,100000.0
50,100000.0
51,100000.0
52,100000.0
53,100000.0
54,100000.0
55,100000.0
56,100000.0
57,100000.0
58,100000.0
59,100000.0
60,100000.0
61,100000.0
62,100000.0
63,100000.0
64,100000.0
65,100000.0
66,100000.0
67,100000.0
68,100000.0
69,100000.0
70,100000.0
71,100000.0
72,100000.0
73,100000.0
74,100000.0
75,100000.0
76,100000.0
77,100000.0
78,100000.0
79,100000.0
80,100000.0
81,100000.0
82,100000.0
83,100000.0
84,100000.0
85,100000.0
86,100000.0
87,100000.0
88,100000.0
89,100000.0
90,100000.0
91,100000.0
92,100000.0
93,100000.0
94,100000.0
95,100000.0
96,100000.0
97,100000.0
98,100000.0
99,100000.0
100,100000.0
101,100000.0
102,100000.0
103,100000.0
104,100000.0
105,100000.0
106,100000.0
107,100000.0
108,100000.0
109,100000.0
110,100000.0
111,100000.0
112,100000.0
113,100000.0
114,100000.0
115,100000.0
116,100000.0
117,100000.0
118,100000.0
119,100000.0
120,100000.0
121,100000.0
122,100000.0
123,100000.0
124,100000.0
125,100000.0
126,100000.0
127,100000.0
128,100000.0
129,100000.0
130,100000.0
131,100000.0
132,100000.0
133,100000.0
134,100000.0
135,100000.0
136,100000.0
137,100000.0
138,100000.0
139,100000.0
140,100000.0
141,100000.0
142,100000.0
143,100000.0
144,100000.0
145,100000.0
146,100000.0
147,100000.0
148,100000.0
149,100000.0
150,100000.0
151,100000.0
152,100000.0
153,100000.0
154,100000.0
155,100000.0
156,100000.0
157,100000.0
158,100000.0
159,100000.0
160,100000.0
161,100000.0
162,100000.0
163,100000.0
164,100000.0
165,100000.0
166,100000.0
167,100000.0
168,100000.0
169,100000.0
170,100000.0
171,100000.0
172,100000.0
173,100000.0
174,100000.0
175,100000.0
176,100000.0
177,100000.0
178,100000.0
179,100000.0
180,100000.0
181,100000.0
182,100000.0
183,100000.0
184,100000.0
185,100000.0
186,100000.0
187,100000.0
188,100000.0
189,100000.0
190,100000.0
191,100000.0
192,100000.0
193,100000.0
194,100000.0
195,100000.0
196,100000.0
197,100000.0
198,100000.0
199,100000.0
200,100000.0
201,100733.576
202,102564.048
203,102148.29599999999
204,102558.212
205,101712.85399999999
206,97764.198
207,97377.762
208,95126.86799999999
209,92758.98700000001
210,98168.483
211,96776.859
212,99433.512
213,100462.26399999998
214,101914.23500000002
215,103391.411
216,101520.529
217,99635.95400000001
218,97485.552
219,92144.612
220,97410.63999999997
221,98729.101
222,96949.08499999999
223,94035.597
224,87973.98999999999
225,87248.12199999999
226,86744.59499999999
227,89125.96
228,89920.9
229,87723.059
230,87750.84499999999
231,88610.62099999998
232,89428.087
233,91535.166
234,89977.006
235,90852.61799999999
236,91296.40999999997
237,93515.17099999999
238,95918.845
239,94397.061
240,95807.10399999999
241,95850.635
242,96299.317
243,99365.47399999999
244,99388.854
245,97292.53199999998
246,99495.481
247,104677.75299999998
248,105444.032
249,108415.28699999998
250,111340.26999999997
251,109007.22699999998
252,101059.87299999998
253,102711.214
254,91787.646
255,90043.30999999998
256,92933.271
257,93026.08399999999
258,95235.46499999998
259,93892.74599999998
260,89976.135
261,90657.69799999999
262,87404.49499999998
263,84245.09399999998
264,82203.41399999999
265,84838.37899999997
266,88471.70399999997
267,90927.488
268,90772.363
269,92218.74399999999
270,93036.77199999998
271,92714.20699999998
272,91210.01299999998
273,89703.761
274,88569.355
275,86998.056
276,89558.07899999998
277,89494.442
278,88843.93999999999
279,88066.56099999999
280,90314.90799999998
281,91272.02899999997
282,92079.62100000001
283,91464.85399999996
284,92470.113
285,92157.608
286,91105.07899999998
287,91379.30299999999
288,91459.21599999999
289,96050.33999999997
290,97258.93499999997
291,96739.73999999999
292,95003.48199999997
293,96785.87999999998
294,97098.70899999997
295,96685.83999999998
296,94219.74500000001
297,93018.87999999999
298,92452.41099999998
299,88844.40799999997
300,89758.66599999997
301,89137.30099999999
302,89337.805
303,87120.60900000003
304,88283.435
305,88329.87799999998
306,87471.37400000001
307,86687.79499999998
308,88285.54899999998
309,89557.86899999996
310,89586.88999999996
311,89403.39099999997
312,90629.85699999995
313,90281.24599999996
314,89111.27299999997
315,88195.44199999998
316,87760.65099999998
317,88103.26399999998
318,87379.54599999999
319,88189.72399999999
320,89037.438
321,89084.64799999999
322,89161.332
323,89799.342
324,90892.451
325,92443.882
326,93196.203
327,91446.309
328,91914.92499999999
329,93634.83499999998
330,95145.13899999997
331,96035.72399999999
332,97963.54499999998
333,96943.78699999997
334,97401.77099999998
335,96775.70699999997
336,95806.84599999999
337,96101.94399999999
338,99632.39099999996
339,101687.27599999997
340,103387.68499999997
341,103285.33299999997
342,101470.68199999996
343,102999.52599999998
344,102466.76999999996
345,102579.47399999996
346,103350.43899999997
347,103596.09199999996
348,101926.67299999995
349,101832.08599999997
350,102804.20399999997
351,106011.18299999998
352,104924.92799999996
353,102834.03299999998
354,103419.84899999997
355,105305.67999999996
356,107529.40199999996
357,107538.95199999996
358,108035.16199999997
359,106434.28999999998
360,107090.19599999998
361,107363.92599999998
362,106814.30899999996
363,106423.33299999998
364,106923.97499999999
365,102205.92199999996
366,101394.81999999998
367,100151.69199999997
368,100634.01899999997
369,100497.70199999996
370,102874.54999999999
371,100916.51699999998
372,101459.02199999995
373,102592.28499999996
374,102655.70199999998
375,106025.67799999999
376,108495.74199999998
377,107649.705
378,108175.72399999997
379,108754.10699999997
380,105932.02199999998
381,107253.01199999999
382,105911.40999999996
383,105503.20099999997
384,106309.29199999999
385,107796.22799999999
386,107949.85799999996
387,111514.82999999999
388,112626.66599999997
389,112511.82399999996
390,111536.53399999999
391,109395.57199999997
392,107120.85599999999
393,107479.46399999998
394,107117.41299999997
395,107631.59799999998
396,105156.18000000001
397,104490.21599999997
398,104991.97399999999
399,105773.49799999999
400,105400.15099999998
401,106002.45999999998
402,107214.78299999997
403,105076.32699999999
404,105293.54699999998
405,107130.446
406,107342.13199999998
407,108521.14199999998
408,109740.711
409,109400.28899999998
410,104141.15899999999
411,105835.16399999999
412,105445.44099999996
413,106552.563
414,104820.72299999998
415,106525.14599999998
416,106843.34399999997
417,107127.30799999999
418,109128.30999999998
419,108693.04799999998
420,110496.199
421,107867.61199999998
422,104991.53099999997
423,103758.76199999999
424,101357.19199999998
425,98717.45799999998
426,95153.56799999997
427,90945.70999999998
428,89160.96599999999
429,86831.13799999998
430,87102.75099999997
431,90281.40599999999
432,88686.70099999999
433,88297.10900000001
434,87418.29399999998
435,94133.67
436,93552.17199999999
437,95509.48400000001
438,103242.91599999998
439,105227.362
440,102740.029
441,104347.472
442,105834.38899999998
443,107584.23999999996
444,111149.50999999998
445,108459.10999999997
446,109935.66799999996
447,112312.65199999997
448,111118.29499999997
449,113430.14299999998
450,113369.37399999995
451,114830.61699999995
452,115523.21199999996
453,116674.728
454,117520.524
455,117397.04199999996
456,114256.50399999999
457,114168.10099999997
458,115537.16299999996
459,119585.23099999999
460,119612.62699999996
461,121146.93400000002
462,123853.30099999996
463,122151.00499999998
464,118946.264
465,120404.33499999998
466,122498.33899999999
467,123644.63899999997
468,122365.63899999995
469,116849.63599999997
470,111335.65099999998
471,115834.29999999997
472,115843.73599999999
473,111375.50299999997
474,111242.93699999996
475,112772.894
476,113427.65299999996
477,112072.045
478,115563.988
479,114583.95999999999
480,115472.48199999995
481,118599.018
482,122431.588
483,120578.47299999997
484,120624.35300000002
485,117366.60899999997
486,117871.47399999997
487,117607.999
488,118171.51899999999
489,120430.75699999997
490,122022.69699999999
491,122596.43199999997
492,120280.86999999997
493,117234.90399999997
494,116957.54399999998
495,117020.45899999999
496,117429.43299999999
497,119152.01799999998
498,120456.78399999997
499,119555.32799999998
500,118900.09299999998
501,120757.60399999998
502,118472.933
503,119077.29999999997
504,119330.52500000001
505,116240.41499999998
506,114877.78899999999
507,113719.893
508,113580.34999999998
509,116019.82999999999
510,115081.86899999999
511,116221.90599999997
512,117007.94499999999
513,115033.43099999997
514,113388.76599999996
515,117289.28199999996
516,117207.439
517,116665.058
518,115152.34399999997
519,117295.93699999999
520,120235.29799999997
521,120077.90199999997
522,118609.59899999994
523,116601.01599999997
524,122871.49799999999
525,123327.19199999998
526,123646.80999999997
527,127391.99499999998
528,126507.83
529,129207.546
530,128249.83799999999
531,128102.38199999998
532,126481.15899999999
533,131892.58299999998
534,136320.172
535,130883.18199999997
536,135180.16999999998
537,137436.467
538,139254.474
539,137130.114
540,135268.30299999999
541,137844.21399999998
542,136254.67399999997
543,140803.85799999998
544,142336.99599999998
545,144271.50499999998
546,144154.235
547,143323.835
548,144867.476
549,144253.338
550,142387.614
551,144787.39799999996
552,144251.25199999998
553,138883.077
554,137733.71899999998
555,137365.503
556,135848.06699999998
557,138556.76699999996
558,140226.69899999996
559,142779.15
560,142469.24599999996
561,139636.22399999996
562,140238.09599999993
563,136685.2989999999
564,140463.41199999998
565,143770.86499999996
566,145145.15500000006
567,146323.03699999998
568,143499.62700000004
569,143025.55099999995
570,144315.55399999992
571,150659.17400000003
572,150844.41399999996
573,151913.66899999994
574,152185.922
575,149783.74499999994
576,149929.45199999993
577,148333.123
578,148560.47
579,147133.10799999998
580,145527.03899999993
581,146683.156
582,146953.04599999997
583,148863.296
584,151961.53999999995
585,151465.37099999998
586,148767.013
587,147695.84699999998
588,146470.30799999996
589,144024.065
590,146467.10999999996
591,148429.47499999995
592,147601.88199999995
593,148652.695
594,148889.57499999995
595,147993.13799999998
596,146881.69499999998
597,143800.74199999997
598,144266.82899999997
599,145263.859
600,144297.561
601,142873.22899999996
602,141328.04499999998
603,141003.04299999998
604,139287.893
605,138384.28099999996
606,139474.81899999996
607,139535.012
608,144034.79299999998
609,141602.14399999997
610,148032.91199999998
611,148461.01999999996
612,146794.67199999996
613,150626.998
614,155097.68399999992
615,153748.796
616,153098.92899999995
617,154639.127
618,155778.935
619,152903.65799999997
620,148910.51799999995
621,149841.63999999993
622,150001.047
623,150819.71499999997
624,143234.333
625,139355.21799999996
626,136877.03699999995
627,140899.22699999996
628,139026.20099999994
629,137033.95799999996
630,133596.40499999994
631,132763.936
632,133937.35799999992
633,132415.23499999996
634,124647.54199999997
635,120843.19099999996
636,121410.38799999995
637,117467.28299999997
638,114647.36999999998
639,111947.55799999998
640,117709.80399999993
641,119583.27799999996
642,123451.48599999995
643,133444.849
644,131455.98299999995
645,126258.18099999994
646,126166.34599999998
647,119137.87899999996
648,117275.18099999997
649,120707.01999999996
650,122669.62999999998
651,125659.52399999998
652,126776.60699999996
653,123174.83499999996
654,123335.78199999995
655,126504.97099999995
656,129665.40599999997
657,129671.41299999996
658,136268.37399999998
659,135326.45899999997
660,137968.20099999997
661,141326.243
662,139890.47699999998
663,140532.457
664,139434.31699999998
665,137346.174
666,136791.19599999997
667,134394.95899999997
668,131541.37599999996
669,138255.655
670,138037.12099999998
671,139153.63799999998
672,142270.68099999995
673,143083.26499999996
674,141591.68499999997
675,138514.75399999996
676,139294.66299999994
677,140484.74099999998
678,137601.23699999996
679,134339.44799999995
680,128398.91
681,131232.81299999994
682,129600.91699999999
683,129357.07599999996
684,133266.95299999998
685,134858.86799999996
686,133561.83799999996
687,132288.542
688,132478.28
689,130598.44699999999
690,127444.43300000005
691,124238.55599999997
692,119981.68699999996
693,124257.19099999996
694,123844.29099999994
695,125264.696
696,133164.419
697,133077.45199999993
698,148602.85199999996
699,145553.82499999995
700,152103.49399999995
701,151246.088
702,151782.29499999993
703,148929.33399999994
704,149126.51499999993
705,151020.33899999995
706,150629.13499999995
707,145676.74199999994
708,147733.89199999996
709,148673.06599999996
710,149206.91
711,155316.54299999995
712,159920.01299999992
713,164295.80999999997
714,163494.68799999997
715,154218.21199999997
716,149468.95399999997
717,145748.911
718,150410.988
719,156137.43499999997
720,160131.91099999993
721,161695.268
722,163649.018
723,155435.93099999998
724,160322.99900000007
725,163743.43099999998
726,162961.63399999996
727,167291.66399999996
728,162946.39499999993
729,167675.06399999998
730,165237.885
731,164218.915
732,166395.66700000002
733,166437.85400000002
734,164746.64399999997
735,164683.68199999994
736,159622.55999999997
737,160543.72599999997
738,159063.66399999996
739,158050.88700000002
740,156199.65699999998
741,161956.424
742,157905.98799999995
743,155625.65799999994
744,153692.06699999998
745,152867.2649999999
746,147495.15099999998
747,143042.09899999996
748,148006.12199999992
749,149099.55599999998
750,151494.37499999997
751,148532.079
752,154668.50999999998
753,155545.10499999992
754,157948.00999999992
755,159860.99699999992
756,160767.95799999993
757,162849.69000000003
758,161562.18199999997
759,160051.89799999996
760,160979.18599999996
761,161465.41800000003
762,160954.33999999994
763,158505.62199999997
764,150508.18600000002
765,150151.46899999995
766,149832.60199999993
767,154098.574
768,151259.65800000002
769,148171.197
770,148193.318
771,145247.11299999995
772,145069.251
773,144106.02599999998
774,142401.66
775,142940.599
776,141187.16999999998
777,136209.29099999994
778,132772.27399999998
779,132695.18299999996
780,131663.619
781,131305.821
782,132901.03400000004
783,134489.355
784,134958.053
785,135674.55400000003
786,137426.233
787,136478.99699999997
788,137578.44700000007
789,136599.15700000004
790,137267.48500000004
791,137231.333
792,136549.04700000002
793,136091.446
794,137007.88
795,135840.43399999998
796,135039.994
797,132672.318
798,132591.88700000002
799,131764.65800000002
800,136682.9
801,137499.04400000002
802,142312.20299999995
803,142767.83800000005
804,141700.708
805,143086.45100000003
806,145151.2300000001
807,141856.48900000003
808,144449.82900000003
809,142990.52500000002
810,144164.123
811,142666.49099999998
812,140875.69100000002
813,143169.44400000002
814,146148.84700000007
815,145951.291
816,142587.17100000006
817,142970.58100000003
818,140474.98400000003
819,141840.40600000002
820,142915.274
821,142884.4
822,145649.10500000004
823,146488.48400000003
824,143860.565
825,147235.41700000004
826,145765.21900000004
827,147622.44000000003
828,149136.00699999998
829,144650.81900000002
830,143432.141
831,146129.09700000004
832,148084.098
833,152640.12600000002
834,153212.50600000005
835,157205.80800000008
836,160192.29400000005
837,160109.07000000004
838,157383.21200000003
839,155569.37600000005
840,157921.05600000004
841,165974.38500000004
842,169184.04300000003
843,169985.43500000006
844,171869.04500000004
845,171398.99000000008
846,167650.42500000005
847,168101.47000000003
848,169423.78000000003
849,174245.73500000002
850,175761.73000000004
851,183832.66000000006
852,186428.69000000003
853,194299.76
854,190274.8050000001
855,192675.0680000001
856,191304.27000000002
857,198029.89599999998
858,201439.77599999998
859,195282.46600000001
860,188754.66600000006
861,193808.12100000004
862,203046.19100000002
863,204192.14600000007
864,200036.1930000001
865,204067.94799999997
866,205584.25300000008
867,206602.44300000003
868,203466.39800000004
869,201852.05800000008
870,193025.33800000008
871,191126.12400000004
872,192012.95400000003
873,195994.65900000007
874,199054.89400000003
875,200420.51400000002
876,204060.55400000006
877,215039.2440000001
878,215194.35400000002
879,222806.64400000006
880,227226.99400000006
881,229240.674
882,223708.90400000007
883,223394.51400000002
884,225943.154
885,227294.05400000003
886,222652.20400000006
887,205574.9940000001
888,206510.704
889,203352.124
890,209144.45900000003
891,214779.13400000002
892,206876.00900000008
893,213243.36900000004
894,219547.673
895,207062.7230000001
896,209158.03900000002
897,204452.03900000002
898,198312.16900000005
899,193530.29300000003
900,190893.50500000003
901,187053.96200000003
902,189530.39700000003
903,190566.58200000005
904,193187.80800000005
905,197993.80700000003
906,205372.60200000007
907,200637.09300000005
908,198754.46700000003
909,205102.64700000003
910,206024.54000000004
911,207410.27100000007
912,208326.56800000006
913,206398.24100000007
914,201612.34300000005
915,201135.28900000005
916,205921.21000000005
917,207112.8280000001
918,211025.49500000008
919,215149.39900000003
920,224017.17200000005
921,228473.15900000004
922,225873.97200000007
923,227372.21800000005
924,222043.53600000002
925,216715.19100000005
926,218650.2380000001
927,220300.87300000005
928,218636.81200000003
929,223142.4300000001
930,222316.6380000001
931,221286.96800000005
932,220920.58600000007
933,217578.5700000001
934,221581.76800000007
935,212943.00200000004
936,208176.55600000004
937,205812.59000000003
938,204661.47500000003
939,206839.4780000001
940,209170.37600000005
941,218483.9920000001
942,222759.78000000006
943,228888.73500000002
944,228586.47700000004
945,228235.146
946,238109.623
947,240064.81400000004
948,241747.00000000003
949,244705.91800000003
950,239072.27200000003
951,243408.466
952,239545.32500000007
953,234940.9770000001
954,240021.44200000004
955,233702.58200000005
956,230443.99799999996
957,232309.703
958,240638.84200000003
959,248620.71200000003
960,256354.762
961,251620.65600000005
962,250937.10200000007
963,259544.02400000003
964,260563.7360000001
965,253649.8280000001
966,255763.01400000005
967,258081.99899999998
968,253143.60800000007
969,246361.5280000001
970,256768.583
971,250385.77500000005
972,246516.46400000007
973,238294.98400000005
974,238363.15100000004
975,240598.80600000007
976,238038.47600000002
977,241465.29400000005
978,253504.40000000005
979,255000.05800000008
980,256915.98000000007
981,262983.72200000007
982,270043.6610000001
983,270527.2750000001
984,262993.329
985,255168.9670000001
986,249758.75800000003
987,250146.19200000004
988,244715.17100000003
989,239626.96200000003
990,250202.12000000002
991,249656.06800000003
992,245060.83499999996
993,242465.35
994,242710.72
995,249751.74000000002
996,248442.74600000007
997,247042.53900000002
998,249124.89900000006
999,249682.07900000009
1000,251473.62600000008
1001,254834.28600000005
1002,254164.94000000006
1003,250098.09500000006
1004,254651.78900000008
1005,265630.79500000004
1006,272834.498
1007,280592.9870000001
1008,283775.59
1009,290602.6670000001
1010,300538.917
1011,298029.563
1012,304241.69800000003
1013,299110.55400000006
1014,307995.861
1015,312491.3120000001
1016,307379.51599999995
1017,308069.4440000001
1018,312727.41400000005
1019,320809.73600000003
1020,315985.92200000014
1021,299833.45200000005
1022,292796.075
1023,306376.3169999999
1024,303885.9600000001
1025,301057.9730000001
1026,291078.2130000001
1027,296874.31200000003
1028,305446.95
1029,306960.635
1030,303406.6260000001
1031,309023.68500000006
1032,311262.70900000003
1033,298969.46099999995
1034,303881.79400000005
1035,300726.55199999997
1036,290815.87000000005
1037,293616.157
1038,288237.978
1039,277858.113
1040,285208.522
1041,287769.275
1042,289390.266
1043,292440.2060000001
1044,290208.46400000004
1045,286804.8400000001
1046,293089.6540000001
1047,294607.2070000001
1048,288463.2680000001
1049,285967.14300000004
1050,281499.0910000001
1051,276402.7180000001
1052,283025.58400000003
1053,274285.4190000001
1054,268844.83400000015
1055,279069.0150000001
1056,277490.0960000001
1057,276874.37100000004
1058,264828.8450000001
1059,258489.2370000001
1060,257674.13300000015
1061,271635.21300000016
1062,271863.24900000007
1063,288541.64000000013
1064,293424.9630000001
1065,293351.08200000005
1066,300188.5560000001
1067,302942.7310000001
1068,301670.18700000003
1069,297765.04199999996
1070,295778.38500000007
1071,309070.1520000002
1072,309667.1210000001
1073,300668.0180000001
1074,298784.7530000001
1075,297134.6340000001
1076,276700.53500000003
1077,276419.9540000001
1078,266872.32100000005
1079,273450.8540000001
1080,282840.26300000004
1081,280210.8140000001
1082,280558.2060000001
1083,275627.3990000001
1084,269104.98000000016
1085,260969.88600000012
1086,253677.9710000001
1087,259158.29500000004
1088,262836.20800000004
1089,264873.42800000013
1090,268290.3430000001
1091,280975.70600000006
1092,274013.48500000004
1093,279338.739
1094,280448.12000000005
1095,276711.61500000005
1096,278079.61000000004
1097,280190.2530000001
1098,284061.393
1099,285293.96900000004
1100,285625.39400000015
1101,296299.77300000004
1102,308369.3180000001
1103,312193.4700000001
1104,312623.8820000001
1105,324131.03400000004
1106,321211.14900000015
1107,322077.4550000001
1108,325885.5060000001
1109,314765.3500000001
1110,309106.7650000001
1111,323109.81600000005
1112,319456.297
1113,314779.5650000001
1114,315060.5260000001
1115,316435.552
1116,319346.09300000005
1117,319477.44800000003
1118,324120.778
1119,327783.90400000004
1120,311964.022
1121,312617.8490000001
1122,321178.973
1123,322399.88000000006
1124,337490.3570000001
1125,338420.1900000002
1126,337329.8100000001
1127,339772.1210000001
1128,333113.73800000007
1129,328454.52800000005
1130,315422.216
1131,317010.32600000006
1132,301910.2789999999
1133,298117.23600000003
1134,290617.2880000001
1135,284816.47500000003
1136,280634.2310000001
1137,280146.951
1138,289600.9400000001
1139,277914.96300000005
1140,291261.1630000001
1141,282639.0840000001
1142,280564.992
1143,275825.48000000004
1144,276151.0850000001
1145,282811.0200000001
1146,276892.87400000007
1147,288026.5210000001
1148,292373.9520000001
1149,290771.1830000001
1150,285630.833
1151,285919.2520000001
1152,288632.9500000001
1153,282641.243
1154,285439.5180000001
1155,288990.04899999994
1156,286949.0520000001
1157,283908.7390000001
1158,278029.4010000001
1159,269030.714
1160,272754.9640000001
1161,286302.4990000001
1162,286925.7420000001
1163,295981.33800000005
1164,302393.33100000006
1165,303247.2270000001
1166,306284.119
1167,304374.4410000001
1168,302862.21700000006
1169,301781.9410000001
1170,306064.8260000001
1171,320528.27
1172,325941.7100000001
1173,323955.18100000004
1174,327302.7540000001
1175,325228.2600000001
1176,324699.1060000001
1177,335901.6520000001
1178,324889.0940000001
1179,326631.4460000001
1180,319819.8400000001
1181,320819.2110000001
1182,315985.7120000001
1183,319712.1740000001
1184,314952.657
1185,313849.91700000013
1186,315168.43500000006
1187,321103.0490000001
1188,319513.4590000001
1189,321604.58300000004
1190,322842.15600000013
1191,321017.91000000003
1192,329164.642
1193,333171.76900000003
1194,331462.3460000002
1195,336146.02300000004
1196,332286.42000000004
1197,325802.0220000001
1198,325925.67100000015
1199,325445.4720000002
1200,320614.8660000001
1201,320297.006
1202,326570.1350000001
1203,328990.0130000001
1204,330078.3970000001
1205,333510.8590000002
1206,337301.0620000001
1207,333077.6870000001
1208,337057.26000000007
1209,337425.32500000007
1210,344158.03400000016
1211,347735.2360000001
1212,350821.20700000005
1213,346727.66400000016
1214,355482.35699999996
1215,366660.68400000007
1216,362681.2160000001
1217,360349.89300000016
1218,365722.6190000002
1219,366598.07600000006
1220,378841.22900000017
1221,392179.0360000001
1222,401283.66900000005
1223,400189.32100000005
1224,394760.54000000004
1225,388644.7250000001
1226,396912.58500000014
1227,403220.50100000016
1228,408983.75500000006
1229,419477.89700000006
1230,423485.97400000016
1231,423389.97000000015
1232,428815.562
1233,425986.3400000001
1234,435778.0460000002
1235,431854.9430000001
1236,434600.6210000001
1237,438997.81200000015
1238,423439.532
1239,423673.17000000016
1240,421405.59300000017
1241,423932.37600000016
1242,434349.42800000013
1243,434381.7780000002
1244,436776.5440000001
1245,434622.9310000001
1246,438407.93800000014
1247,432886.64800000004
1248,444801.1510000001
1249,445916.2660000002
1250,448369.55000000005
1251,449741.59300000005
1252,459468.8810000001
1253,463111.26100000006
1254,461610.4800000001
1255,464259.7390000002
1256,458880.9560000001
1257,440902.6750000001
1258,434290.45599999995
1259,440206.481
1260,435682.435
1261,438787.356
1262,428727.36900000006
1263,425667.88800000004
1264,433682.10000000003
1265,440927.4660000001
1266,452611.1810000001
1267,445254.8730000001
1268,434502.27700000006
1269,436666.5640000001
1270,422333.51100000006
1271,427914.24800000014
1272,430795.6140000001
1273,440038.413
1274,446996.168
1275,455154.01500000013
1276,460770.38900000014
1277,463456.91800000006
1278,472271.6860000001
1279,480736.0730000001
1280,484438.492
1281,451632.3240000001
1282,444444.716
1283,447473.86900000006
1284,455046.62300000014
1285,474408.04800000007
1286,478190.801
1287,479778.369
1288,467883.0170000001
1289,462609.3860000001
1290,448864.2780000001
1291,456983.05899999995
1292,478575.29700000014
1293,486700.70000000007
1294,483567.36600000004
1295,492814.3700000001
1296,497449.0940000001
1297,491694.84
1298,498578.93100000004
1299,493194.47100000014
1300,482433.97000000015
1301,463643.78400000004
1302,463213.3810000001
1303,474273.1240000001
1304,470457.17200000014
1305,468690.8310000001
1306,467608.16500000015
1307,470612.2300000001
1308,466266.8910000001
1309,466729.01500000013
1310,465537.1920000001
1311,461493.15000000014
1312,468026.9980000001
1313,464209.8760000001
1314,456910.0760000001
1315,463710.49000000005
1316,466876.98400000005
1317,470073.30800000014
1318,469123.6350000002
1319,477381.094
1320,491008.11300000007
1321,491939.8150000001
1322,484155.2250000001
1323,479154.3680000001
1324,477156.8810000001
1325,467385.72900000017
1326,455520.5760000001
1327,437592.01300000015
1328,440658.038
1329,453902.99400000006
1330,446630.655
1331,459752.3000000002
1332,432329.4590000001
1333,452645.0460000001
1334,440857.16900000005
1335,438707.8740000001
1336,426049.2770000001
1337,436734.6010000001
1338,439304.44200000016
1339,439357.4110000001
1340,454322.1840000001
1341,452934.1810000001
1342,461619.6620000001
1343,464784.09500000003
1344,462397.44900000014
1345,461357.43400000007
1346,450647.7330000002
1347,448220.20600000006
1348,460794.7100000001
1349,460193.6410000001
1350,472616.25200000015
1351,488173.17700000014
1352,486592.3420000001
1353,497991.09100000013
1354,495560.93600000016
1355,492495.433
1356,502418.0960000001
1357,507544.088
1358,507980.0860000001
1359,508118.329
1360,510111.5310000001
1361,501217.89200000017
1362,505531.21400000004
1363,501306.87700000004
1364,495456.39300000016
1365,505592.59500000003
1366,500628.32200000004
1367,506238.91300000006
1368,506301.34100000013
1369,514470.3650000001
1370,522548.7720000002
1371,524920.29
1372,522791.5500000001
1373,525583.1440000001
1374,528412.6680000001
1375,526646.1060000001
1376,535206.2870000001
1377,534689.937
1378,543457.9110000001
1379,546823.0750000001
1380,540118.3360000002
1381,543442.3620000001
1382,556441.3260000001
1383,565187.2820000002
1384,569728.234
1385,580256.6090000003
1386,583968.4440000001
1387,578655.978
1388,583581.3790000001
1389,586686.1260000002
1390,591894.9250000002
1391,584608.594
1392,603651.1030000001
1393,606024.7790000002
1394,595260.7080000001
1395,592685.5020000001
1396,589981.452
1397,595209.498
1398,603737.2210000001
1399,615375.3640000002
1400,620608.429
1401,619196.7000000001
1402,610876.962
1403,610954.2680000002
1404,606460.9420000002
1405,595085.7190000002
1406,602154.55
1407,604413.3120000003
1408,596818.9760000003
1409,606058.2700000001
1410,612858.3770000002
1411,618783.3310000004
1412,607929.6310000002
1413,604374.6350000001
1414,594828.226
1415,603242.582
1416,612986.9010000002
1417,611201.1110000001
1418,612253.0340000002
1419,616140.803
1420,614285.9180000002
1421,620404.329
1422,629777.4450000002
1423,654711.7260000003
1424,661290.0600000002
1425,656616.2030000001
1426,668304.8130000003
1427,675804.1040000002
1428,676799.5940000002
1429,682086.0870000002
1430,672708.7620000003
1431,664880.1720000003
1432,657529.8130000002
1433,649240.6680000003
1434,665362.8850000002
1435,666947.7830000002
1436,651184.9960000002
1437,656048.1860000001
1438,655383.2900000002
1439,660442.075
1440,669423.6660000002
1441,682720.6030000002
1442,689966.7540000002
1443,697965.2450000001
1444,698444.9950000002
1445,711157.3010000003
1446,701170.2379999999
1447,682730.5780000001
1448,667970.0060000003
1449,694283.2110000002
1450,689783.7760000003
1451,695717.0810000001
1452,659338.2380000001
1453,656543.6420000002
1454,670547.4770000004
1455,678264.9660000002
1456,668113.0840000004
1457,676642.1910000002
1458,659244.1070000003
1459,672469.5280000003
1460,696247.8020000003
1461,699544.6230000001
1462,712210.9370000003
1463,697587.5850000002
1464,710146.2220000002
1465,732108.8049999999
1466,736628.6340000002
1467,788072.5040000002
1468,786146.6210000002
1469,782199.9790000003
1470,781895.9050000001
1471,790193.0320000005
1472,805149.8999999999
1473,818946.4280000003
1474,821991.87
1475,835601.4240000002
1476,825891.5210000001
1477,822004.1240000004
1478,847982.585
1479,860503.322
1480,883243.813
1481,909370.6280000001
1482,898830.8420000003
1483,916372.3180000001
1484,897902.2619999999
1485,885527.0339999999
1486,883212.8470000001
1487,904573.0590000002
1488,923280.9360000002
1489,925979.223
1490,914307.5610000001
1491,905475.8760000002
1492,906110.6190000001
1493,909578.0270000001
1494,919603.446
1495,899832.6280000003
1496,888327.1010000001
1497,882068.1530000003
1498,880676.0460000002
1499,878044.9720000002
1500,890253.3730000001
1501,907562.7420000002
1502,918562.2250000002
1503,925069.8550000001
1504,906088.076
1505,895722.897
1506,884820.9720000002
1507,875037.5150000001
1508,891615.3619999998
1509,903494.2280000004
1510,900707.6460000003
1511,939442.1280000001
1512,957076.1860000002
1513,964335.0750000003
1514,967668.43
1515,971073.104
1516,1005610.1910000003
1517,992440.0960000003
1518,966446.1190000003
1519,990437.664
1520,961268.7730000002
1521,950081.8740000003
1522,971085.0830000003
1523,961335.6490000002
1524,994594.5850000002
1525,1010321.4190000002
1526,1009758.1650000002
1527,984687.9949999998
1528,966035.4560000001
1529,948886.0480000001
1530,926335.0550000002
1531,908056.8280000003
1532,894323.6660000001
1533,907313.7430000001
1534,902267.0950000002
1535,890353.7940000003
1536,873058.7520000002
1537,879704.4730000001
1538,899644.2320000003
1539,922201.3600000001
1540,922129.7060000001
1541,918337.092
1542,924077.9199999999
1543,947671.9530000001
1544,950919.2180000001
1545,957452.5770000002
1546,944337.0430000002
1547,964732.12
1548,974888.1330000001
1549,978925.2200000002
1550,983636.22
1551,953946.935
1552,958760.512
1553,948877.5079999999
1554,1002685.324
1555,1018895.6880000001
1556,1025220.6550000003
1557,1049624.81
1558,1047480.3290000001
1559,1053965.0540000005
1560,1051695.028
1561,1029282.6130000001
1562,1025438.331
1563,1025159.7900000003
1564,1022124.082
1565,1054972.669
1566,1029140.9000000003
1567,1053306.059
1568,1033640.053
1569,1054843.3200000003
1570,1049509.0920000002
1571,1054037.8310000002
1572,1057537.0610000002
1573,1061291.2440000002
1574,1044037.7409999999
1575,1035734.563
1576,1023254.2740000001
1577,1048195.6750000003
1578,1051285.9580000003
1579,1062953.9500000002
1580,1086910.685
1581,1105928.5469999998
1582,1093586.5529999998
1583,1096214.4580000003
1584,1100291.612
1585,1095088.884
1586,1065187.803
1587,1050750.154
1588,1035557.4550000001
1589,1064034.7430000002
1590,1070910.233
1591,1065310.2429999998
1592,1068317.0160000003
1593,1109790.7439999997
1594,1120167.4600000002
1595,1201338.5739999998
1596,1291127.8509999996
1597,1219135.3079999997
1598,1157492.1449999998
1599,1225913.6639999999
1600,1214071.2280000001
1601,1175216.6040000003
1602,1125891.5599999998
1603,1159773.133
1604,1124839.7750000001
1605,1129228.936
1606,1101589.501
1607,1161902.051
1608,1169645.2419999999
1609,1140299.9540000001
1610,1170334.8119999997
1611,1173248.403
1612,1178459.68
1613,1135766.61
1614,1118133.681
1615,1097673.5920000002
1616,1058616.8979999998
1617,1080825.419
1618,1024634.256
1619,987486.7379999999
1620,1030165.539
1621,1078249.753
1622,1069271.734
1623,1040831.253
1624,1055205.006
1625,1101845.3429999999
1626,1100633.6430000002
1627,1119236.859
1628,1129972.3890000002
1629,1096248.5990000002
1630,1114962.8569999998
1631,1175096.6970000002
1632,1190990.115
1633,1231294.317
1634,1242850.3510000003
1635,1239748.4920000003
1636,1236233.897
1637,1159999.5769999998
1638,1225330.4249999998
1639,1196853.0579999997
1640,1152900.781
1641,1136640.8930000002
1642,1150928.6120000002
1643,1150338.7280000004
1644,1196062.7359999998
1645,1143300.7659999998
1646,1092338.337
1647,1137255.5249999997
1648,1164662.0150000004
1649,1152114.942
1650,1144526.3790000002
1651,1154050.8360000001
1652,1179275.9519999998
1653,1151489.6270000003
1654,1175721.457
1655,1132130.206
1656,1082660.0269999998
1657,931395.786
1658,920159.3460000001
1659,911680.827
1660,892732.178
1661,897123.5549999999
1662,901879.3570000003
1663,913451.452
1664,931049.4870000001
1665,924055.173
1666,936113.9770000001
1667,922517.3690000001
1668,939198.15
1669,923803.8070000001
1670,918350.518
1671,913679.1749999999
1672,914693.2760000001
1673,924437.81
1674,914427.7780000003
1675,896823.325
1676,903052.9070000002
1677,910066.219
1678,884456.0400000003
1679,878556.257
1680,883751.669
1681,895356.226
1682,907084.2079999999
1683,919570.8800000001
1684,930992.4890000003
1685,947512.0430000001
1686,947239.204
1687,928159.0859999999
1688,934446.9340000001
1689,942157.0780000002
1690,922000.4700000003
1691,939908.2030000001
1692,946119.5390000001
1693,953271.0510000001
1694,938961.2660000001
1695,931866.582
1696,926266.8780000001
1697,937315.3250000003
1698,963954.5990000002
1699,979013.7150000003
1700,975546.9490000004
1701,966674.7750000003
1702,961508.9670000002
1703,959680.1480000002
1704,962383.2140000002
1705,970389.5820000002
1706,964905.8450000002
1707,968347.743
1708,1000237.957
1709,993825.5410000001
1710,999158.44
1711,1003944.2560000002
1712,1027824.3969999998
1713,1025086.0620000002
1714,1043033.7730000003
1715,1012155.8790000001
1716,1005049.5510000002
1717,1008843.6660000001
1718,996549.076
1719,990008.4240000001
1720,983823.6550000003
1721,1014971.2090000001
1722,1035146.4899999998
1723,1040741.0269999999
1724,1012756.8750000001
1725,1038556.1099999999
1726,1006738.3679999998
1727,1031546.7029999997
1728,1024431.3230000003
1729,1027462.9650000003
1730,1042328.054
1731,1038452.3950000001
1732,1043327.1709999999
1733,1046745.662
1734,1049510.856
1735,1011526.0550000004
1736,1022493.574
1737,1015895.9010000002
1738,1021347.7730000003
1739,1003542.6500000003
1740,1029928.2080000001
1741,1048239.1530000002
1742,1063494.6190000002
1743,1078657.6830000004
1744,1095387.8930000002
1745,1115419.985
1746,1100559.0189999999
1747,1091692.6340000003
1748,1092318.584
1749,1098586.0200000003
1750,1087651.7610000002
1751,1099382.477
1752,1100776.1699999997
1753,1083032.105
1754,1068772.2780000002
1755,1067627.7149999999
1756,1087469.469
1757,1079830.3630000004
1758,1070555.2770000002
1759,1063277.7249999999
1760,1078924.697
1761,1069610.712
1762,1072181.3850000002
1763,1072419.528
1764,1100013.5670000003
1765,1110215.9910000004
1766,1112730.6289999997
1767,1124667.745
1768,1121120.323
1769,1086939.9740000002
1770,1101907.629
1771,1092760.3339999998
1772,1098183.5740000003
1773,1125025.1860000002
1774,1100341.642
1775,1105762.606
1776,1115604.5410000002
1777,1119432.977
1778,1121780.5539999998
1779,1127365.9390000002
1780,1132514.4440000001
1781,1153365.3090000004
1782,1131085.538
1783,1155057.3949999998
1784,1173711.758
1785,1139713.173
1786,1129444.6840000004
1787,1170371.943
1788,1184327.1099999999
1789,1183195.7380000004
1790,1188163.5910000002
1791,1216961.902
1792,1227221.3750000002
1793,1218680.3019999997
1794,1216392.9279999996
1795,1206859.4049999996
1796,1162987.5289999996
1797,1177757.5849999997
1798,1178205.0860000001
1799,1142789.7809999997
1800,1127772.03
1801,1158387.667
1802,1137953.5319999997
1803,1160010.5959999994
1804,1157063.6249999998
1805,1172014.152
1806,1144522.2139999995
1807,1156672.7879999997
1808,1151892.4099999992
1809,1143537.5759999997
1810,1162894.9669999995
1811,1173152.378
1812,1189612.1379999998
1813,1192154.885
1814,1175560.031
1815,1162329.8429999999
1816,1155854.3999999997
1817,1147229.5059999996
1818,1151117.17
1819,1143592.981
1820,1160275.369
1821,1172579.1090000002
1822,1179177.683
1823,1194108.9389999998
1824,1197234.353
1825,1197188.5509999997
1826,1196853.2889999996
1827,1209662.9899999995
1828,1222673.8879999998
1829,1230263.0559999996
1830,1230223.846
1831,1223087.272
1832,1203348.4329999997
1833,1226936.8139999998
1834,1236135.116
1835,1225556.3229999999
1836,1241065.5539999998
1837,1328716.6499999997
1838,1322810.246
1839,1279130.4649999999
1840,1291702.4699999995
1841,1334744.872
1842,1387919.7790000003
1843,1379998.5069999998
1844,1381334.0829999996
1845,1376985.7019999998
1846,1383683.2459999996
1847,1360098.3999999997
1848,1387549.9239999996
1849,1370929.45
1850,1364245.2959999999
1851,1372653.4309999999
1852,1370676.5989999997
1853,1379575.4409999996
1854,1408367.296
1855,1417674.5680000002
1856,1414700.826
1857,1382016.935
1858,1406779.6979999999
1859,1423068.45
1860,1457378.3149999997
1861,1458734.5199999996
1862,1466810.0010000002
1863,1506331.3479999995
1864,1500382.8569999998
1865,1489756.9339999997
1866,1432752.327
1867,1464574.364
1868,1476718.264
1869,1483672.347
1870,1527343.7359999996
1871,1557307.0760000001
1872,1597086.0719999997
1873,1622957.7299999997
1874,1633956.2219999996
1875,1620015.1319999998
1876,1649675.1339999998
1877,1645959.1789999995
1878,1598701.943
1879,1586538.693
1880,1593816.4789999998
1881,1619624.669
1882,1616634.2709999997
1883,1627311.4389999995
1884,1625997.9629999995
1885,1632068.7729999996
1886,1645374.1949999998
1887,1648850.3709999996
1888,1619094.3549999997
1889,1660137.6649999996
1890,1699388.0109999997
1891,1735090.7629999998
1892,1735837.449
1893,1731434.5919999997
1894,1713031.8589999997
1895,1705613.978
1896,1683006.472
1897,1681920.954
1898,1608989.7910000002
1899,1637587.3979999998
1900,1605225.5419999997
1901,1568028.938
1902,1626423.9139999999
1903,1606137.7419999999
1904,1579910.542
1905,1566580.8729999997
1906,1500374.118
1907,1517658.841
1908,1571071.463
1909,1582306.561
1910,1483377.7019999998
1911,1507853.3149999995
1912,1526283.341
1913,1516024.8269999998
1914,1448868.4990000003
1915,1419090.099
1916,1471579.7649999994
1917,1517266.9940000002
1918,1542075.7889999999
1919,1586089.939
1920,1573467.7199999995
1921,1613048.8629999997
1922,1598396.4949999996
1923,1532722.781
1924,1585760.277
1925,1586587.731
1926,1644745.639
1927,1683908.239
1928,1690103.4270000004
1929,1714048.2609999995
1930,1660321.5689999997
1931,1648745.8970000003
1932,1699778.4560000002
1933,1705107.9709999994
1934,1718453.92
1935,1715409.669
1936,1721087.8339999998
1937,1785940.0939999998
1938,1798184.6929999993
1939,1802600.3609999993
1940,1872607.3199999998
1941,1848828.5819999997
1942,1888160.0459999994
1943,1907093.7569999998
1944,1945383.6809999996
1945,1936839.2169999997
1946,1939425.6869999995
1947,1901072.534
1948,1837607.89
1949,1890205.4640000002
1950,1928634.3
1951,1911565.6169999996
1952,1971583.3230000006
1953,2010098.7559999996
1954,1975336.1649999996
1955,2048447.6860000002
1956,2028580.244
1957,2037157.1159999997
1958,2020384.426
1959,2064674.9340000001
1960,2035635.4109999998
1961,2012321.6859999998
1962,2124640.667
1963,2107712.6709999996
1964,2130753.551
1965,2175255.539
1966,2206226.959
1967,2153979.75
1968,2197515.0649999985
1969,2136736.4539999994
1970,2183528.298
1971,2141090.0420000004
1972,2239230.42
1973,2243373.421
1974,2217061.8559999997
1975,2166032.5640000002
1976,1929703.3360000001
1977,2052617.7540000004
1978,2069390.4539999997
1979,1975402.6449999998
1980,2005150.7929999998
1981,1921371.0379999997
1982,1990833.399
1983,1931657.9379999996
1984,1986452.6239999996
1985,1989947.5969999998
1986,2037900.063
1987,2164303.965
1988,2164127.663
1989,2190934.5839999993
1990,2262673.933
1991,2249984.183
1992,2318993.4919999996
1993,2372374.723999999
1994,2383044.5080000004
1995,2437627.529
1996,2356211.5249999994
1997,2386090.8789999997
1998,2456622.930999999
1999,2412544.5649999995
2000,2371641.400999999
2001,2363397.5849999995
2002,2371111.0999999996
2003,2539378.2929999996
2004,2544860.081
2005,2614341.5669999993
2006,2654364.463999999
2007,2652986.67
2008,2645502.7650000006
2009,2600350.712
2010,2620986.9059999995
2011,2679626.3360000006
2012,2570493.9189999998
2013,2536330.2299999995
2014,2438627.986
2015,2457833.1180000002
2016,2500276.4590000003
2017,2549331.5069999993
2018,2724164.196999999
2019,2580073.3090000004
2020,2404524.999
2021,2188849.879
2022,2198672.874
2023,2196091.4859999996
2024,2190498.48
2025,2372864.413
2026,2394265.4870000007
2027,2420554.840000001
2028,2379464.7270000004
2029,2301937.2819999997
2030,2392232.2370000007
2031,2457817.1399999997
2032,2523957.2799999993
2033,2400946.397
2034,2405129.7759999996
2035,2399554.0080000004
2036,2443876.784999999
2037,2508382.07
2038,2520225.4749999996
2039,2551350.6839999994
2040,2573065.5110000004
2041,2604743.1590000005
2042,2721972.8649999998
2043,2776801.694
2044,2711283.7049999996
2045,2709206.6100000003
2046,2842551.2940000007
2047,2808985.9719999996
2048,2764940.3540000003
2049,2771062.0109999995
2050,2699767.8009999995
2051,2698006.025
2052,2655975.071
2053,2712574.4300000006
2054,2682634.334000001
2055,2542825.8190000006
2056,2358045.2640000004
2057,2604830.107000001
2058,2595559.6149999998
2059,2671445.8750000005
2060,2613771.908000001
2061,2507539.9260000004
2062,2692361.4760000007
2063,2444171.409000001
2064,2390938.023
2065,2453391.2469999995
2066,2555792.801
2067,2602482.6449999996
2068,2588985.965
2069,2593638.7260000003
2070,2530343.0899999994
2071,2570351.0610000007
2072,2543043.6320000007
2073,2652793.5710000005
2074,2853725.6550000007
2075,2897221.9149999996
2076,2952468.024
2077,2961887.4639999997
2078,3035592.7019999996
2079,3004949.4639999997
2080,3092462.118
2081,3099787.8209999986
2082,3279722.1539999996
2083,3239696.716
2084,3234817.638999999
2085,3297809.363999999
2086,3260057.95
2087,3169884.5739999996
2088,2968434.408
2089,3119401.8290000004
2090,3003696.7980000004
2091,2884934.4500000007
2092,2953738.299
2093,2948819.0179999997
2094,2988710.883
2095,2996999.0340000005
2096,3038726.562
2097,2971710.4409999996
2098,3017288.1609999994
2099,3022407.38
2100,3047418.9809999997
2101,3014027.1670000004
2102,3002456.0480000004
2103,3071984.0519999997
2104,3089196.605
2105,2959951.8759999997
2106,3026410.021
2107,2899811.275
2108,2944757.233
2109,2877800.2610000004
2110,2803793.327
2111,2996632.523000001
2112,2944896.3109999993
2113,3019830.3369999994
2114,3057573.2300000004
2115,3138029.636000001
2116,3089035.1180000007
2117,3246473.3460000004
2118,3204109.67
2119,3349408.245
2120,3362256.2049999987
2121,3431527.5500000003
2122,3387803.2009999994
2123,3515866.6139999996
2124,3572889.534
2125,3734091.7399999998
2126,3729383.36
2127,3549825.8340000003
2128,3597554.085000001
2129,3589877.7240000004
2130,3424729.0489999996
2131,3435962.0970000005
2132,3361268.5980000007
2133,3460035.8219999997
2134,3380541.6039999994
2135,3360290.474
2136,3122892.2679999997
2137,3120158.851999999
2138,3109766.121
2139,3108839.5480000004
2140,3227772.241
2141,3313083.1129999994
2142,3356436.2999999993
2143,3455383.604
2144,3290937.742
2145,3309792.959999999
2146,3145468.22
2147,3088629.9729999998
2148,3285551.0540000005
2149,3239076.3710000003
2150,2938520.9560000002
2151,2885129.6710000006
2152,2975029.817
2153,2993619.7970000007
2154,3046327.6920000003
2155,3299485.553
2156,3195792.644
2157,3129327.456999999
2158,2834443.9949999996
2159,2779040.731999999
2160,2825718.3979999996
2161,2787989.908
2162,2663187.325000001
2163,2475403.412
2164,2491956.969
2165,2718178.896
2166,2673538.5459999996
2167,2524539.0039999993
2168,2563738.4609999997
2169,2621706.7869999995
2170,2675262.5870000003
2171,2731123.795
2172,2734590.9889999996
2173,2729339.0079999994
2174,2752915.2130000005
2175,2773940.574999999
2176,2784537.625
2177,2792497.2899999996
2178,2607840.939
2179,2557177.564
2180,2394293.5319999997
2181,2479888.4869999997
2182,2359356.485
2183,2186289.922
2184,2214372.2369999997
2185,2264871.657999999
2186,2239943.319
2187,2163798.453
2188,2189855.937
2189,2080189.3869999996
2190,2135557.4169999994
2191,2196363.0039999997
2192,2111598.8869999996
2193,2098792.196
2194,2077664.012
2195,2107246.131
2196,2124373.5109999995
2197,2019580.0319999997
2198,2067988.5539999998
2199,2037087.08
2200,1886430.7899999993
2201,1883499.337
2202,1795088.8220000002
2203,1708697.6949999998
2204,1728504.4330000002
2205,1613377.342
2206,1686708.0170000002
2207,1816153.0009999997
2208,1755675.854
2209,1590564.1609999998
2210,1710557.4600000004
2211,1693098.0729999996
2212,1720433.1180000005
2213,1701240.5229999993
2214,1652751.466
2215,1627129.0779999997
2216,1540562.9669999997
2217,1504088.42
2218,1656370.6119999997
2219,1666494.209
2220,1661346.9679999996
2221,1695574.5249999994
2222,1644861.1989999996
2223,1689568.682
2224,1615702.3239999998
2225,1600922.8709999998
2226,1622262.3529999997
2227,1600634.8420000002
2228,1597366.0219999999
2229,1558607.022
2230,1640338.3069999998
2231,1591117.4730000002
2232,1568369.0080000001
2233,1561427.7399999998
2234,1492179.7859999998
2235,1406723.5929999999
2236,1429985.23
2237,1466963.0469999998
2238,1483622.1330000001
2239,1499798.617
2240,1505730.8989999997
2241,1406704.6840000001
2242,1410568.9989999998
2243,1471927.509
2244,1443327.4430000002
2245,1505890.9549999998
2246,1500498.2939999998
2247,1466515.363
2248,1483307.127
2249,1469962.9000000001
2250,1500653.7980000002
2251,1481815.2259999998
2252,1542061.99
2253,1552918.5519999997
2254,1560613.0559999999
2255,1567904.9989999998
2256,1536580.291
2257,1525472.343
2258,1519754.2680000002
2259,1536918.4780000004
2260,1505288.489
2261,1538204.533
2262,1553815.755
2263,1573523.9630000002
2264,1589191.1279999998
2265,1547518.1610000003
2266,1566496.4779999997
2267,1579142.6820000003
2268,1535058.149
2269,1521812.7719999999
2270,1553246.178
2271,1522554.537
2272,1580276.915
2273,1583118.5380000002
2274,1532931.369
2275,1572393.9919999999
2276,1563307.411
2277,1542334.04
2278,1555843.3520000002
2279,1554446.4840000002
2280,1589313.5280000002
2281,1599235.23
2282,1582333.783
2283,1583790.547
2284,1614570.405
2285,1595662.6959999998
2286,1522261.8059999999
2287,1549271.4719999998
2288,1535834.8530000001
2289,1494725.94
2290,1493731.423
2291,1525488.957
2292,1505512.4320000005
2293,1495943.764
2294,1489921.2360000003
2295,1514158.0490000003
2296,1513535.261
2297,1494103.733
2298,1530409.9030000002
2299,1519179.229
2300,1492719.216
2301,1464537.202
2302,1419486.3210000002
2303,1423569.073
2304,1446976.3250000002
2305,1450492.5040000004
2306,1436160.7550000004
2307,1429156.3760000002
2308,1486977.4149999998
2309,1456771.8140000002
2310,1514085.25
2311,1516433.6090000004
2312,1472305.3730000004
2313,1507925.0690000004
2314,1503656.4060000004
2315,1486432.4060000004
2316,1467850.8750000002
2317,1498839.046
2318,1465877.6040000003
2319,1501293.3260000004
2320,1545725.4640000004
2321,1538870.279
2322,1549870.8869999999
2323,1535472.061
2324,1515312.1039999996
2325,1495384.953
2326,1487644.409
2327,1501440.7670000002
2328,1507314.167
2329,1517955.7040000004
2330,1549515.2470000002
2331,1544715.8079999997
2332,1518739.914
2333,1515581.8290000001
2334,1551830.046
2335,1541199.283
2336,1542570.9760000003
2337,1549069.4560000002
2338,1549444.9230000002
2339,1533958.31
2340,1511060.851
2341,1511885.2400000002
2342,1510290.1060000001
2343,1516551.62
2344,1521263.4670000002
2345,1495424.3980000003
2346,1526587.0740000005
2347,1526550.1940000006
2348,1507974.4990000005
2349,1469230.8850000007
2350,1469472.799
2351,1475669.7790000006
2352,1468129.1700000004
2353,1429979.2270000002
2354,1441011.333
2355,1457472.1150000002
2356,1476569.2600000002
2357,1493729.6020000004
2358,1477680.9640000002
2359,1445761.9730000002
2360,1445827.6249999998
2361,1498828.0480000004
2362,1452963.6190000006
2363,1433039.3350000002
2364,1436980.599
2365,1469561.593
2366,1489941.6320000007
2367,1482489.5650000006
2368,1477964.3420000002
2369,1451925.835
2370,1449462.5020000003
2371,1457998.7940000002
2372,1432211.6020000002
2373,1409545.1940000004
2374,1409426.1610000005
2375,1399719.9340000001
2376,1380425.9109999998
2377,1423699.0370000002
2378,1440701.195
2379,1444907.4780000004
2380,1413002.7199999997
2381,1394056.3320000002
2382,1398615.7570000004
2383,1445707.283
2384,1443808.0019999999
2385,1469508.8510000005
2386,1464301.9660000002
2387,1454507.807
2388,1420085.7730000003
2389,1424816.5559999999
2390,1391895.72
2391,1412709.0620000004
2392,1427268.5070000004
2393,1425227.5059999998
2394,1462346.256
2395,1484111.7250000003
2396,1517805.1690000002
2397,1523882.422
2398,1515940.9920000003
2399,1542894.6700000006
2400,1542386.3770000008
2401,1541055.3920000002
2402,1564552.0700000003
2403,1560789.9560000007
2404,1562789.8020000001
2405,1583665.1120000002
2406,1562567.2070000004
2407,1582972.3480000002
2408,1599247.955
2409,1634358.611
2410,1625066.6170000006
2411,1629675.2420000006
2412,1600583.714
2413,1623551.7290000005
2414,1665092.0110000002
2415,1665290.9080000003
2416,1651085.2040000001
2417,1655768.9109999998
2418,1632486.23
2419,1581247.5750000004
2420,1608626.298
2421,1610566.2010000001
2422,1639590.4490000003
2423,1658260.3250000007
2424,1628477.0489999999
2425,1644898.0780000004
2426,1642124.0030000007
2427,1671671.4340000004
2428,1679334.5230000003
2429,1653908.4330000002
2430,1594347.5030000007
2431,1592497.1330000001
2432,1632561.3230000003
2433,1655509.043
2434,1680681.653
2435,1688878.4080000003
2436,1712650.6230000004
2437,1705788.7080000003
2438,1732315.9680000003
2439,1741402.7580000004
2440,1765344.2430000005
2441,1734195.5330000003
2442,1732722.4030000004
2443,1729223.1830000004
2444,1777329.9030000004
2445,1753459.4280000005
2446,1689682.6780000005
2447,1667552.498
2448,1719225.5680000004
2449,1698911.088
2450,1693927.6680000003
2451,1608177.1530000006
2452,1603028.0230000007
2453,1662102.7180000006
2454,1702162.1730000004
2455,1726655.4830000005
2456,1749433.6080000005
2457,1778993.283000001
2458,1794286.2230000002
2459,1794855.3030000003
2460,1836618.4630000005
2461,1818043.1480000007
2462,1765424.903
2463,1818283.3930000002
2464,1815905.5330000005
2465,1811423.8430000003
2466,1853437.4790000007
2467,1827214.4060000002
2468,1813399.2880000009
2469,1754182.3470000005
2470,1672350.074
2471,1719239.0940000005
2472,1620701.4930000002
2473,1648708.0580000002
2474,1671210.1700000004
2475,1669251.5500000007
2476,1729638.3440000003
2477,1728878.1760000004
2478,1788497.4210000006
2479,1791329.5970000008
2480,1801424.2360000005
2481,1784973.0660000003
2482,1793430.9920000003
2483,1831406.5870000003
2484,1848825.6970000006
2485,1842057.5320000006
2486,1819367.4670000002
2487,1803836.611
2488,1823585.0399999998
2489,1816323.4300000006
2490,1851568.9020000005
2491,1792910.099
2492,1791434.5320000004
2493,1819046.7330000005
2494,1859975.7089999998
2495,1838888.7540000002
2496,1866453.4740000006
2497,1853967.3540000003
2498,1827068.3640000003
2499,1839460.054
2500,1828231.9870000002
2501,1831987.1269999999
2502,1879668.303000001
2503,1859484.7530000005
2504,1900869.743
2505,1878875.0480000004
2506,1888778.0080000001
2507,1910403.9780000001
2508,1926293.5080000001
2509,1937379.7580000004
2510,1947309.1980000003
2511,1936225.4680000003
2512,1926365.3780000003
2513,1934543.4980000001
2514,1916520.3480000005
